make,model,yearFrom,yearTo,body,drive,cylinders,displacement,hp,trans,gears,seats,clearanceMm,reliability,mpg,priceUsd,looks,tags
Toyota,Corolla,2014,2019,sedan,fwd,4,1.8,132,cvt,1,5,140,5,34,13000,2,"cheap-parts,commuter"
Toyota,Camry,2018,2024,sedan,fwd,4,2.5,203,auto,8,5,145,5,32,20000,3,"comfort,commuter"
Toyota,Camry V6,2018,2024,sedan,fwd,6,3.5,301,auto,8,5,145,5,26,24000,3,"quick,comfort"
Toyota,Prius,2016,2022,hatch,fwd,4,1.8,121,cvt,1,5,145,5,54,17000,2,"hybrid,frugal"
Toyota,Avalon,2013,2018,sedan,fwd,6,3.5,268,auto,6,5,145,5,25,15000,2,"comfort,quiet"
Toyota,GR86,2022,2025,coupe,rwd,4,2.4,228,manual,6,4,130,4,25,28000,5,"sporty,jdm,fun"
Toyota,Supra 3.0,2020,2025,coupe,rwd,6,3,382,auto,8,2,115,4,25,45000,5,"sporty,jdm,fast"
Toyota,Yaris,2012,2019,hatch,fwd,4,1.5,106,auto,4,5,135,5,33,8000,2,"frugal,cheap-parts"
Honda,Civic,2016,2021,sedan,fwd,4,1.5,174,cvt,1,5,135,4,36,17000,3,"turbo,commuter"
Honda,Civic Si,2017,2021,sedan,fwd,4,1.5,205,manual,6,5,130,4,32,23000,4,"sporty,fun,turbo"
Honda,Civic Type R,2017,2021,hatch,fwd,4,2,306,manual,6,4,125,4,25,38000,5,"sporty,fast,track"
Honda,Accord,2018,2022,sedan,fwd,4,2,252,auto,10,5,140,5,26,22000,3,"quick,comfort"
Honda,Fit,2015,2020,hatch,fwd,4,1.5,130,cvt,1,5,135,5,36,11000,2,"practical,frugal"
Honda,CR-V,2017,2022,suv,awd,4,1.5,190,cvt,1,5,200,5,29,21000,2,"practical,family"
Honda,Pilot,2016,2022,suv,awd,6,3.5,280,auto,9,8,185,4,22,24000,2,"family,3row"
Honda,S2000,2000,2009,convertible,rwd,4,2.2,237,manual,6,2,120,4,22,35000,5,"sporty,jdm,fun"
Mazda,3,2019,2024,hatch,fwd,4,2.5,186,auto,6,5,140,4,30,20000,4,"stylish,sharp"
Mazda,6,2018,2021,sedan,fwd,4,2.5,227,auto,6,5,145,4,26,19000,4,"turbo,stylish"
Mazda,MX-5 Miata,2016,2024,convertible,rwd,4,2,181,manual,6,2,135,4,29,24000,5,"sporty,fun,light"
Mazda,CX-5,2017,2024,suv,awd,4,2.5,187,auto,6,5,200,4,26,22000,4,"stylish,family"
Mazda,CX-9,2016,2023,suv,awd,4,2.5,250,auto,6,7,220,4,23,24000,4,"3row,turbo,stylish"
Subaru,Outback,2015,2019,wagon,awd,4,2.5,175,cvt,1,5,220,4,28,16000,3,"offroad,wagon,awd"
Subaru,Outback 3.6R,2015,2019,wagon,awd,6,3.6,256,auto,6,5,220,4,22,18000,3,"offroad,wagon,six"
Subaru,Forester,2019,2024,suv,awd,4,2.5,182,cvt,1,5,220,4,29,22000,2,"offroad,practical"
Subaru,WRX,2015,2021,sedan,awd,4,2,268,manual,6,5,145,3,23,22000,5,"sporty,turbo,rally"
Subaru,WRX STI,2015,2021,sedan,awd,4,2.5,310,manual,6,5,145,3,19,32000,5,"sporty,fast,rally"
Subaru,Legacy,2015,2019,sedan,awd,4,2.5,175,cvt,1,5,145,4,29,13000,2,"awd,commuter"
Subaru,Crosstrek,2018,2023,suv,awd,4,2,152,cvt,1,5,220,4,29,20000,3,"offroad,small"
Nissan,370Z,2009,2020,coupe,rwd,6,3.7,332,manual,6,2,125,4,21,25000,5,"sporty,jdm,rwd"
Nissan,Altima,2019,2024,sedan,fwd,4,2.5,188,cvt,1,5,140,3,32,17000,2,commuter
Nissan,Frontier,2005,2021,pickup,4x4,6,4,261,auto,5,5,230,4,18,18000,3,"truck,offroad,tough"
Nissan,Leaf,2018,2023,hatch,fwd,0,0,147,single,1,5,155,4,111,14000,2,"ev,frugal"
Nissan,GT-R,2009,2022,coupe,awd,6,3.8,565,dct,6,4,110,3,19,80000,5,"sporty,fast,jdm"
Lexus,IS 350,2014,2020,sedan,rwd,6,3.5,311,auto,8,5,135,5,23,26000,4,"sporty,quiet,six"
Lexus,RX 350,2016,2022,suv,awd,6,3.5,295,auto,8,5,200,5,22,30000,3,"comfort,quiet"
Lexus,GX 460,2010,2023,suv,4x4,8,4.6,301,auto,6,7,220,5,17,35000,3,"offroad,v8,tough,3row"
Lexus,LS 460,2007,2017,sedan,rwd,8,4.6,380,auto,8,5,140,5,20,18000,3,"v8,luxury,quiet"
Lexus,LC 500,2018,2025,coupe,rwd,8,5,471,auto,10,4,120,5,20,65000,5,"v8,luxury,sporty"
Infiniti,G37,2008,2013,coupe,rwd,6,3.7,330,manual,6,4,130,4,21,14000,5,"sporty,rwd,six"
Infiniti,Q50,2016,2023,sedan,rwd,6,3,300,auto,7,5,135,3,23,20000,4,"turbo,quick"
Mitsubishi,Lancer Evo X,2008,2015,sedan,awd,4,2,291,manual,5,5,140,3,20,35000,5,"sporty,rally,fast"
Suzuki,Jimny,2019,2025,suv,4x4,4,1.5,101,manual,5,4,210,4,30,22000,4,"offroad,tiny,tough"
Ford,Mustang GT,2015,2023,coupe,rwd,8,5,460,manual,6,4,125,3,19,32000,5,"v8,sporty,fast,loud"
Ford,Mustang EcoBoost,2015,2023,coupe,rwd,4,2.3,310,auto,10,4,125,3,25,22000,4,"turbo,sporty"
Ford,F-150,2015,2020,pickup,4x4,6,3.5,375,auto,10,6,230,3,20,28000,3,"truck,tow,turbo"
Ford,F-150 5.0,2015,2020,pickup,4x4,8,5,395,auto,10,6,230,4,18,30000,3,"truck,v8,tow"
Ford,Bronco,2021,2025,suv,4x4,6,2.7,330,auto,10,5,290,3,19,42000,5,"offroad,tough,boxy"
Ford,Focus ST,2013,2018,hatch,fwd,4,2,252,manual,6,5,135,3,26,14000,4,"sporty,turbo,fun"
Ford,Fusion,2013,2020,sedan,fwd,4,2,240,auto,6,5,140,3,26,12000,3,"turbo,commuter"
Ford,Explorer,2016,2019,suv,awd,6,3.5,365,auto,6,7,200,3,20,20000,3,"3row,family,turbo"
Ford,Crown Victoria,1998,2011,sedan,rwd,8,4.6,239,auto,4,6,145,4,18,8000,2,"v8,cheap-parts,tough"
Chevrolet,Corvette C7,2014,2019,coupe,rwd,8,6.2,460,manual,7,2,115,3,19,45000,5,"v8,fast,sporty"
Chevrolet,Camaro SS,2016,2023,coupe,rwd,8,6.2,455,manual,6,4,120,3,20,33000,5,"v8,fast,loud"
Chevrolet,Silverado 1500,2014,2018,pickup,4x4,8,5.3,355,auto,6,6,230,3,18,25000,3,"truck,v8,tow"
Chevrolet,Tahoe,2015,2020,suv,4x4,8,5.3,355,auto,6,8,230,3,18,32000,3,"v8,3row,tow,big"
Chevrolet,Bolt EV,2017,2023,hatch,fwd,0,0,200,single,1,5,150,3,118,16000,2,"ev,frugal,cheap"
Chevrolet,Impala,2014,2020,sedan,fwd,6,3.6,305,auto,6,5,145,3,22,13000,2,"comfort,big"
Dodge,Charger R/T,2015,2023,sedan,rwd,8,5.7,370,auto,8,5,140,3,19,26000,5,"v8,loud,muscle"
Dodge,Challenger R/T,2015,2023,coupe,rwd,8,5.7,375,manual,6,4,130,3,19,28000,5,"v8,muscle,retro"
Dodge,Durango,2014,2023,suv,awd,8,5.7,360,auto,8,7,215,3,17,28000,4,"v8,3row,tow"
Jeep,Wrangler,2018,2025,suv,4x4,6,3.6,285,manual,6,5,275,3,19,33000,5,"offroad,boxy,tough"
Jeep,Grand Cherokee,2014,2021,suv,4x4,8,5.7,360,auto,8,5,215,3,17,22000,4,"v8,offroad,tow"
Jeep,Cherokee Trailhawk,2014,2022,suv,4x4,6,3.2,271,auto,9,5,220,3,21,17000,3,"offroad,midsize"
Ram,1500,2019,2024,pickup,4x4,8,5.7,395,auto,8,6,230,3,18,32000,4,"truck,v8,tow,comfort"
GMC,Sierra 2500HD,2011,2019,pickup,4x4,8,6.6,397,auto,6,6,240,3,15,38000,3,"truck,diesel,tow,heavy"
Cadillac,CTS-V,2009,2014,sedan,rwd,8,6.2,556,manual,6,5,135,2,15,38000,5,"v8,fast,supercharged"
Cadillac,Escalade,2015,2020,suv,4x4,8,6.2,420,auto,10,7,205,3,17,40000,4,"v8,luxury,big,3row"
Tesla,Model 3,2018,2024,sedan,rwd,0,0,283,single,1,5,140,3,132,25000,3,"ev,quick,tech"
Tesla,Model Y,2020,2024,suv,awd,0,0,384,single,1,5,165,3,122,32000,3,"ev,quick,practical"
Tesla,Model S,2016,2021,sedan,awd,0,0,417,single,1,5,140,2,102,28000,4,"ev,fast,tech"
BMW,330i,2019,2024,sedan,rwd,4,2,255,auto,8,5,135,3,30,28000,4,"turbo,sporty,premium"
BMW,328i E90,2007,2012,sedan,rwd,6,3,230,manual,6,5,140,3,22,9000,3,"six,rwd,classic"
BMW,M3 E46,2001,2006,coupe,rwd,6,3.2,333,manual,6,4,130,2,17,45000,5,"six,sporty,classic"
BMW,M3 F80,2015,2018,sedan,rwd,6,3,425,dct,7,5,130,2,20,45000,5,"fast,sporty,turbo"
BMW,M5 E39,1999,2003,sedan,rwd,8,4.9,394,manual,6,5,140,2,15,45000,4,"v8,classic,sporty"
BMW,X5,2014,2018,suv,awd,6,3,300,auto,8,5,215,2,21,20000,3,"premium,tow,turbo"
BMW,540i,2017,2023,sedan,rwd,6,3,335,auto,8,5,140,3,26,32000,4,"six,premium,quick"
BMW,M2,2016,2021,coupe,rwd,6,3,405,dct,7,4,125,3,20,45000,5,"sporty,fast,small"
Mercedes-Benz,C300,2015,2021,sedan,rwd,4,2,255,auto,9,5,140,3,27,22000,4,"premium,quiet,turbo"
Mercedes-Benz,E350,2010,2016,sedan,rwd,6,3.5,302,auto,7,5,140,3,23,14000,3,"premium,comfort,six"
Mercedes-Benz,E63 AMG,2014,2020,sedan,awd,8,4,577,auto,9,5,135,2,19,55000,5,"v8,fast,loud"
Mercedes-Benz,G550,2013,2018,suv,4x4,8,4,416,auto,7,5,240,3,15,85000,5,"v8,offroad,boxy,luxury"
Mercedes-Benz,Sprinter,2014,2022,van,rwd,4,2.1,161,auto,7,3,180,3,22,32000,1,"van,diesel,cargo,tall"
Audi,A4,2017,2023,sedan,awd,4,2,248,auto,7,5,140,3,29,24000,4,"quattro,premium,turbo"
Audi,S4,2018,2023,sedan,awd,6,3,349,auto,8,5,135,3,24,35000,4,"quattro,fast,sleeper"
Audi,A6 Avant,2012,2018,wagon,awd,6,3,333,auto,8,5,145,2,24,20000,4,"wagon,quattro,supercharged"
Audi,RS6 Avant,2020,2024,wagon,awd,8,4,591,auto,8,5,140,2,17,95000,5,"v8,wagon,fast,quattro"
Audi,Q5,2018,2024,suv,awd,4,2,248,dct,7,5,205,3,25,27000,3,"quattro,premium"
Audi,TT,2016,2023,coupe,awd,4,2,228,dct,6,4,125,3,27,28000,5,"small,sporty,quattro"
Volkswagen,Golf GTI,2015,2021,hatch,fwd,4,2,228,manual,6,5,135,3,28,22000,4,"sporty,fun,turbo"
Volkswagen,Golf R,2015,2019,hatch,awd,4,2,292,dct,6,5,135,3,26,28000,4,"fast,awd,sleeper"
Volkswagen,Jetta,2015,2021,sedan,fwd,4,1.4,150,auto,8,5,140,3,34,14000,2,"commuter,frugal,turbo"
Volkswagen,Golf Alltrack,2017,2019,wagon,awd,4,1.8,170,manual,6,5,175,3,27,18000,3,"wagon,awd,practical"
Porsche,911 997,2005,2012,coupe,rwd,6,3.6,325,manual,6,4,110,3,20,55000,5,"six,sporty,icon"
Porsche,Cayman S,2014,2016,coupe,rwd,6,3.4,325,manual,6,2,115,3,23,48000,5,"sporty,balanced,mid"
Porsche,Macan S,2015,2021,suv,awd,6,3,340,dct,7,5,200,3,20,35000,4,"sporty,premium,quick"
Porsche,Cayenne,2011,2018,suv,awd,6,3.6,300,auto,8,5,215,2,20,22000,4,"premium,tow"
Hyundai,Elantra,2017,2023,sedan,fwd,4,2,147,auto,6,5,140,4,35,14000,3,"commuter,cheap,frugal"
Hyundai,Sonata,2015,2019,sedan,fwd,4,2.4,185,auto,6,5,140,4,29,12000,2,"commuter,comfort"
Hyundai,Veloster N,2019,2022,hatch,fwd,4,2,275,manual,6,4,135,4,25,26000,5,"sporty,fun,loud"
Hyundai,Palisade,2020,2024,suv,awd,6,3.8,291,auto,8,8,205,4,22,32000,3,"3row,family,comfort"
Hyundai,Ioniq 5,2022,2025,hatch,awd,0,0,320,single,1,5,160,4,98,32000,4,"ev,quick,retro"
Kia,Telluride,2020,2024,suv,awd,6,3.8,291,auto,8,8,205,4,22,34000,4,"3row,family,boxy"
Kia,Stinger GT,2018,2023,sedan,awd,6,3.3,365,auto,8,5,135,4,22,30000,5,"fast,hatchback,turbo"
Kia,Soul,2014,2021,hatch,fwd,4,2,161,auto,6,5,165,4,28,11000,2,"boxy,cheap,practical"
Kia,Sportage,2017,2022,suv,awd,4,2.4,181,auto,6,5,170,4,24,17000,3,"practical,family"
Genesis,G70,2019,2024,sedan,awd,6,3.3,365,auto,8,5,135,4,21,30000,5,"fast,premium,sporty"
Volvo,V60,2019,2024,wagon,awd,4,2,316,auto,8,5,150,3,30,32000,4,"wagon,safe,hybrid"
Volvo,V70,2008,2016,wagon,fwd,5,2.5,227,auto,6,5,150,3,23,9000,2,"wagon,safe,five"
Volvo,XC90,2016,2022,suv,awd,4,2,316,auto,8,7,238,3,25,30000,3,"3row,safe,premium"
Volvo,240,1980,1993,wagon,rwd,4,2.3,114,manual,4,5,160,4,22,9000,2,"wagon,classic,boxy,tough"
Skoda,Octavia Combi,2015,2020,wagon,fwd,4,1.8,180,dct,7,5,150,3,32,14000,3,"wagon,practical,frugal"
Peugeot,208,2019,2024,hatch,fwd,3,1.2,129,auto,8,5,140,3,40,15000,3,"small,frugal,stylish"
Renault,Megane RS,2018,2023,hatch,fwd,4,1.8,276,dct,6,5,130,3,27,25000,5,"sporty,fun,track"
Fiat,500,2012,2019,hatch,fwd,4,1.4,101,manual,5,4,130,2,33,7000,3,"tiny,retro,cheap"
Alfa Romeo,Giulia Quadrifoglio,2017,2024,sedan,rwd,6,2.9,505,auto,8,5,135,2,20,45000,5,"fast,sporty,loud"
Land Rover,Defender 90,2020,2025,suv,4x4,6,3,395,auto,8,5,291,2,19,55000,5,"offroad,boxy,tough"
Land Rover,Discovery 4,2010,2016,suv,4x4,8,5,375,auto,6,7,240,1,15,18000,3,"v8,offroad,3row"
Mini,Cooper S,2014,2023,hatch,fwd,4,2,189,manual,6,4,135,3,30,17000,4,"small,fun,retro"
Toyota,Land Cruiser 80,1990,1997,suv,4x4,6,4.5,212,manual,5,7,220,5,13,25000,4,"offroad,tough,legend"
Toyota,Land Cruiser 200,2008,2021,suv,4x4,8,5.7,381,auto,6,8,225,5,15,45000,3,"v8,offroad,tough,3row"
Toyota,4Runner,2010,2024,suv,4x4,6,4,270,auto,5,5,240,5,18,28000,4,"offroad,tough,boxy"
Toyota,Tacoma,2016,2023,pickup,4x4,6,3.5,278,manual,6,5,240,5,20,30000,4,"truck,offroad,tough"
Toyota,Hilux,2015,2023,pickup,4x4,4,2.8,201,manual,6,5,280,5,26,28000,4,"truck,diesel,offroad,tough"
Toyota,Sienna,2011,2020,van,awd,6,3.5,296,auto,8,8,155,5,21,20000,1,"van,family,practical"
Toyota,Sequoia,2008,2022,suv,4x4,8,5.7,381,auto,6,8,250,5,15,30000,3,"v8,3row,tow,tough"
Honda,Odyssey,2018,2024,van,fwd,6,3.5,280,auto,10,8,120,4,22,26000,1,"van,family,practical"
Honda,Element,2003,2011,suv,awd,4,2.4,166,manual,5,4,180,5,22,12000,3,"boxy,practical,cult"
Mazda,RX-8,2004,2011,coupe,rwd,2,1.3,232,manual,6,4,130,1,18,12000,5,"rotary,jdm,sporty"
Nissan,240SX,1989,1998,coupe,rwd,4,2.4,155,manual,5,4,140,3,23,18000,4,"jdm,drift,classic"
Mercedes-Benz,W124 300E,1986,1995,sedan,rwd,6,3,177,auto,4,5,150,4,20,12000,2,"classic,tough,six"
BMW,E30 325i,1987,1991,coupe,rwd,6,2.5,168,manual,5,4,140,3,22,20000,4,"classic,six,fun"
Volkswagen,Bus T3,1980,1992,van,rwd,4,1.9,78,manual,4,7,190,2,20,22000,3,"van,classic,slow,cult"
Saab,9-5 Aero,2002,2009,wagon,fwd,4,2.3,250,manual,5,5,150,2,23,7000,3,"wagon,turbo,quirky"
Lada,Niva,1980,2020,suv,4x4,4,1.7,83,manual,5,4,220,2,20,6000,3,"offroad,tiny,cheap,tough"
Jeep,Cherokee XJ,1984,2001,suv,4x4,6,4,190,auto,4,5,210,4,17,9000,4,"offroad,boxy,tough,cheap"
Ford,Ranger,2019,2023,pickup,4x4,4,2.3,270,auto,10,5,230,3,21,28000,3,"truck,turbo,offroad"
Chevrolet,Suburban,2007,2014,suv,4x4,8,5.3,320,auto,6,9,230,3,16,18000,2,"v8,big,3row,tow"
Pontiac,Vibe,2003,2010,wagon,fwd,4,1.8,130,manual,5,5,155,5,29,6000,2,"cheap,practical,toyota-under"
Buick,Roadmaster Estate,1991,1996,wagon,rwd,8,5.7,260,auto,4,8,150,3,18,14000,2,"v8,wagon,big,classic"
Audi,allroad C5,2000,2005,wagon,awd,6,2.7,250,manual,6,5,208,1,18,8000,4,"wagon,offroad,turbo,quirky"
Volvo,850 R,1995,1997,wagon,fwd,5,2.3,240,auto,4,5,150,3,22,16000,4,"wagon,turbo,five,cult"
Mercedes-Benz,ML350,2006,2011,suv,awd,6,3.5,268,auto,7,5,205,2,18,8000,2,"premium,offroad,cheap"
Honda,Ridgeline,2017,2024,pickup,awd,6,3.5,280,auto,9,5,195,4,21,28000,2,"truck,comfort,practical"
Ford,Transit Connect,2014,2022,van,fwd,4,2.5,169,auto,6,5,150,3,23,15000,1,"van,cargo,practical"
Subaru,BRZ,2022,2025,coupe,rwd,4,2.4,228,manual,6,4,130,4,25,28000,5,"sporty,fun,light"
Subaru,Baja,2003,2006,pickup,awd,4,2.5,165,manual,5,4,190,3,22,11000,3,"weird,cult,practical"
Hyundai,Kona N,2022,2024,suv,fwd,4,2,276,dct,8,5,170,4,23,30000,5,"sporty,loud,small"
Kia,EV6 GT-Line,2022,2025,hatch,awd,0,0,320,single,1,5,160,4,101,36000,5,"ev,quick,sharp"
Polestar,2,2021,2024,hatch,awd,0,0,408,single,1,5,150,3,98,30000,4,"ev,fast,minimal"
Mazda,CX-50,2023,2025,suv,awd,4,2.5,256,auto,6,5,215,4,25,32000,4,"offroad,turbo,stylish"
Toyota,RAV4,2019,2024,suv,awd,4,2.5,203,auto,8,5,215,5,30,26000,3,"practical,family,tough"
Toyota,Corolla Cross,2022,2025,suv,awd,4,2,169,cvt,1,5,205,5,32,25000,2,"practical,frugal,small"
Honda,HR-V,2016,2022,suv,awd,4,1.8,141,cvt,1,5,190,4,29,17000,2,"small,practical,frugal"
BMW,X3 M40i,2018,2024,suv,awd,6,3,382,auto,8,5,204,3,23,38000,4,"fast,six,premium"
Mercedes-Benz,GLE 450,2020,2024,suv,awd,6,3,362,auto,9,5,205,3,23,45000,3,"six,premium,comfort"
Volkswagen,Touareg V8 TDI,2013,2016,suv,4x4,8,4.2,340,auto,8,5,215,2,21,22000,3,"v8,diesel,tow,offroad"
Ford,Expedition,2018,2024,suv,4x4,6,3.5,375,auto,10,8,230,3,20,35000,3,"3row,tow,big,turbo"
Chrysler,Pacifica,2017,2024,van,awd,6,3.6,287,auto,9,7,130,3,22,24000,2,"van,family,practical"
Lexus,IS 300 AWD,2016,2020,sedan,awd,6,3.5,260,auto,6,5,135,5,22,24000,4,"awd,quiet,six"
Acura,TL SH-AWD,2009,2014,sedan,awd,6,3.7,305,manual,6,5,140,4,20,12000,3,"awd,six,sleeper"
Acura,MDX,2014,2020,suv,awd,6,3.5,290,auto,9,7,200,4,23,22000,3,"3row,family,premium"
Acura,NSX,1991,2005,coupe,rwd,6,3.2,290,manual,6,2,115,4,20,90000,5,"jdm,icon,mid,sporty"
Mitsubishi,Pajero,1999,2015,suv,4x4,6,3.2,197,auto,5,7,235,3,20,12000,3,"offroad,diesel,tough,3row"
Isuzu,D-Max,2017,2024,pickup,4x4,4,3,187,auto,6,5,235,4,25,26000,3,"truck,diesel,tough"
Dacia,Duster,2018,2024,suv,4x4,4,1.5,113,manual,6,5,210,3,40,15000,3,"offroad,cheap,diesel,frugal"
Citroen,Berlingo,2019,2024,van,fwd,4,1.5,129,auto,8,5,165,3,42,18000,1,"van,practical,frugal,diesel"
Opel,Insignia Sports Tourer,2017,2022,wagon,awd,4,2,256,auto,8,5,150,3,26,16000,3,"wagon,turbo,practical"
BMW,330d Touring,2012,2018,wagon,rwd,6,3,258,auto,8,5,140,3,36,15000,4,"wagon,diesel,six,quick"
Mercedes-Benz,C220d Estate,2015,2021,wagon,rwd,4,2.1,170,auto,9,5,145,3,44,17000,3,"wagon,diesel,frugal,quiet"
Skoda,Superb Combi,2016,2023,wagon,awd,4,2,187,dct,7,5,150,3,34,18000,3,"wagon,huge,practical,diesel"
Honda,Civic Shuttle,1987,1991,wagon,4x4,4,1.6,108,manual,6,5,175,4,30,9000,2,"wagon,quirky,cult,tiny"
Toyota,Aygo,2014,2021,hatch,fwd,3,1,71,manual,5,4,140,5,47,8000,2,"tiny,frugal,cheap,city"
Volkswagen,Up,2012,2023,hatch,fwd,3,1,74,manual,5,4,140,4,45,8000,2,"tiny,frugal,city"
Hyundai,i10,2014,2019,hatch,fwd,4,1.2,86,manual,5,5,150,4,44,8000,2,"tiny,cheap,frugal,city"
Kia,Picanto,2017,2023,hatch,fwd,4,1.25,83,manual,5,5,150,4,43,9000,2,"tiny,cheap,city"
Suzuki,Swift,2017,2023,hatch,fwd,4,1.2,89,manual,5,5,145,4,45,10000,3,"small,frugal,light,city"
Fiat,Panda,2012,2023,hatch,fwd,4,1.2,68,manual,5,5,160,3,40,7000,2,"tiny,cheap,city"
Citroen,C3,2017,2023,hatch,fwd,3,1.2,108,manual,6,5,150,3,42,11000,3,"small,frugal,city"
Opel,Corsa,2019,2024,hatch,fwd,3,1.2,99,manual,6,5,145,3,44,13000,3,"small,frugal,city"
Skoda,Fabia,2015,2021,hatch,fwd,3,1,94,manual,5,5,145,4,43,10000,2,"small,practical,frugal,city"
Seat,Ibiza,2017,2023,hatch,fwd,3,1,94,manual,5,5,145,3,42,11000,3,"small,frugal,city"
Volkswagen,Polo,2018,2024,hatch,fwd,3,1,94,manual,5,5,145,4,42,13000,3,"small,frugal,city"
Renault,Clio,2013,2019,hatch,fwd,3,0.9,89,manual,5,5,140,3,45,8000,3,"small,frugal,city"
Mazda,2,2015,2021,hatch,fwd,4,1.5,106,manual,6,5,145,4,40,10000,3,"small,frugal,fun,city"
Ford,Fiesta,2014,2019,hatch,fwd,4,1.6,120,manual,5,5,140,3,31,8000,3,"small,fun,cheap,city"
Toyota,Yaris Hybrid,2015,2020,hatch,fwd,4,1.5,100,cvt,1,5,140,5,55,12000,2,"hybrid,frugal,city"
Toyota,GR Yaris,2020,2024,hatch,awd,3,1.6,268,manual,6,4,140,4,26,38000,5,"sporty,rally,fast,track"
Ford,Fiesta ST,2014,2019,hatch,fwd,4,1.6,197,manual,6,5,135,3,29,14000,4,"sporty,fun,turbo,light"
Mini,John Cooper Works,2015,2023,hatch,fwd,4,2,228,manual,6,4,135,3,29,24000,5,"sporty,fun,fast,small"
Mini,Cooper,2014,2023,hatch,fwd,3,1.5,134,manual,6,4,135,3,33,15000,4,"small,fun,retro"
Hyundai,i30 N,2018,2023,hatch,fwd,4,2,275,manual,6,5,140,4,25,27000,5,"sporty,fun,track,loud"
Volkswagen,Golf GTI Mk8,2022,2024,hatch,fwd,4,2,241,dct,7,5,135,3,28,28000,4,"sporty,turbo,fun"
Honda,Civic Type R FL5,2023,2025,hatch,fwd,4,2,315,manual,6,4,125,4,24,45000,5,"sporty,fast,track"
Peugeot,308,2014,2021,hatch,fwd,3,1.2,129,manual,6,5,150,3,42,12000,3,"frugal,practical,small"
Volkswagen,Golf,2015,2020,hatch,fwd,4,1.4,148,auto,6,5,135,3,33,15000,3,"practical,turbo,solid"
Volkswagen,Golf TDI,2015,2019,hatch,fwd,4,2,150,dct,6,5,140,3,43,14000,3,"diesel,frugal,practical"
Toyota,Corolla Hatchback,2019,2024,hatch,fwd,4,2,169,cvt,1,5,135,5,35,20000,3,"practical,frugal,solid"
Mazda,3,2010,2013,hatch,fwd,4,2,155,manual,6,5,145,4,29,7000,3,"cheap,fun,practical"
Ford,Focus,2012,2018,hatch,fwd,4,2,160,auto,6,5,140,2,30,7000,3,"cheap,practical"
Toyota,Camry Hybrid,2018,2024,sedan,fwd,4,2.5,208,cvt,1,5,145,5,52,24000,3,"hybrid,frugal,comfort"
Toyota,Corolla,2020,2024,sedan,fwd,4,2,169,cvt,1,5,135,5,35,20000,3,"commuter,frugal,solid"
Honda,Accord Hybrid,2018,2022,sedan,fwd,4,2,212,cvt,1,5,140,5,47,24000,3,"hybrid,frugal,comfort"
Honda,Civic Si,2022,2025,sedan,fwd,4,1.5,200,manual,6,5,135,4,31,27000,4,"sporty,fun,turbo"
Honda,Insight,2019,2022,sedan,fwd,4,1.5,151,cvt,1,5,130,4,52,19000,3,"hybrid,frugal"
Nissan,Maxima,2016,2023,sedan,fwd,6,3.5,300,cvt,1,5,140,3,25,20000,4,"six,quick,comfort"
Nissan,Sentra,2020,2024,sedan,fwd,4,2,149,cvt,1,5,140,4,33,17000,3,"commuter,cheap"
Nissan,Versa,2012,2019,sedan,fwd,4,1.6,109,cvt,1,5,150,3,35,6000,1,"cheap,frugal,commuter"
Mazda,6,2014,2017,sedan,fwd,4,2.5,184,auto,6,5,145,4,30,12000,4,"stylish,frugal"
Mazda,3 Turbo,2021,2024,sedan,awd,4,2.5,250,auto,6,5,140,4,27,26000,4,"turbo,awd,stylish,quick"
Subaru,Impreza,2017,2023,sedan,awd,4,2,152,cvt,1,5,220,4,31,16000,2,"awd,commuter,practical"
Volkswagen,Passat,2016,2022,sedan,fwd,4,2,174,auto,6,5,140,3,29,14000,2,"comfort,practical"
Volkswagen,Arteon,2019,2023,sedan,awd,4,2,268,dct,7,5,140,3,25,26000,5,"stylish,turbo,quick"
Volkswagen,Jetta,2011,2014,sedan,fwd,4,2,115,manual,5,5,140,2,28,6000,2,"cheap,commuter"
Skoda,Octavia vRS,2017,2020,sedan,fwd,4,2,227,dct,6,5,145,3,30,18000,4,"sporty,practical,turbo"
BMW,340i,2016,2018,sedan,rwd,6,3,320,auto,8,5,140,3,26,26000,4,"six,quick,turbo"
BMW,M340i,2019,2024,sedan,awd,6,3,382,auto,8,5,135,3,26,40000,4,"fast,six,premium"
BMW,320d,2012,2018,sedan,rwd,4,2,181,auto,8,5,140,3,45,14000,3,"diesel,frugal,comfort"
Mercedes-Benz,C43 AMG,2017,2022,sedan,awd,6,3,385,auto,9,5,135,3,23,35000,4,"fast,premium,six"
Mercedes-Benz,E220d,2016,2023,sedan,rwd,4,2,194,auto,9,5,145,3,47,25000,3,"diesel,frugal,quiet,comfort"
Audi,A3,2015,2020,sedan,fwd,4,2,186,dct,6,5,140,3,30,18000,3,"premium,turbo,small"
Audi,S3,2015,2020,sedan,awd,4,2,292,dct,6,5,135,3,26,26000,4,"fast,quattro,sleeper"
Audi,A6,2019,2024,sedan,awd,6,3,335,auto,7,5,140,3,25,38000,3,"premium,six,comfort"
Lexus,ES 350,2019,2024,sedan,fwd,6,3.5,302,auto,8,5,150,5,26,33000,3,"comfort,quiet,six"
Lexus,GS 350,2013,2020,sedan,rwd,6,3.5,311,auto,8,5,140,5,23,25000,4,"six,rwd,quiet"
Genesis,G80,2018,2023,sedan,awd,6,3.3,365,auto,8,5,140,4,21,30000,4,"premium,fast,comfort"
Chrysler,300,2015,2023,sedan,rwd,6,3.6,292,auto,8,5,140,3,23,18000,3,"big,comfort,six"
Dodge,Charger Hellcat,2015,2023,sedan,rwd,8,6.2,707,auto,8,5,140,2,16,55000,5,"v8,fast,supercharged,loud"
Cadillac,CT5-V,2020,2024,sedan,rwd,6,3,360,auto,10,5,135,3,21,40000,4,"fast,premium,six"
Alfa Romeo,Giulia,2017,2024,sedan,rwd,4,2,280,auto,8,5,135,2,27,24000,5,"stylish,quick,turbo"
Volvo,S60,2019,2024,sedan,awd,4,2,247,auto,8,5,145,3,28,25000,4,"safe,premium,turbo"
Toyota,Crown,2023,2025,sedan,awd,4,2.5,236,cvt,1,5,160,5,41,38000,3,"hybrid,comfort,quiet"
Toyota,Camry,2002,2006,sedan,fwd,4,2.4,157,auto,5,5,150,5,26,5000,2,"cheap,tough,commuter"
Toyota,Corolla,2003,2008,sedan,fwd,4,1.8,126,auto,4,5,150,5,30,5000,2,"cheap,frugal,tough"
Honda,Civic,2006,2011,sedan,fwd,4,1.8,140,manual,5,5,145,5,29,6000,2,"cheap,frugal,solid"
Chevrolet,Malibu,2013,2019,sedan,fwd,4,2.5,196,auto,6,5,145,3,29,9000,2,"cheap,comfort"
Hyundai,Accent,2012,2017,sedan,fwd,4,1.6,138,auto,6,5,140,4,31,6000,2,"cheap,frugal"
Hyundai,Ioniq Hybrid,2017,2022,hatch,fwd,4,1.6,139,dct,6,5,140,4,58,17000,2,"hybrid,frugal,cheap"
Toyota,Prius Prime,2017,2022,hatch,fwd,4,1.8,121,cvt,1,5,145,5,54,22000,2,"hybrid,frugal"
Audi,A4 Allroad,2017,2023,wagon,awd,4,2,248,auto,7,5,175,3,27,27000,4,"wagon,quattro,practical,offroad"
Audi,RS4 Avant,2018,2023,wagon,awd,6,2.9,444,auto,8,5,140,2,21,60000,5,"wagon,fast,quattro"
Volvo,V90,2017,2022,wagon,awd,4,2,316,auto,8,5,150,3,27,32000,4,"wagon,safe,premium"
Volvo,V50,2004,2012,wagon,fwd,5,2.4,168,manual,5,5,145,3,24,6000,2,"wagon,five,cheap"
Mercedes-Benz,E450 All-Terrain,2021,2024,wagon,awd,6,3,362,auto,9,5,190,3,25,50000,4,"wagon,six,offroad"
Mercedes-Benz,E63 S Estate,2018,2023,wagon,awd,8,4,603,auto,9,5,135,2,18,70000,5,"v8,wagon,fast"
Mercedes-Benz,C300 Estate,2015,2021,wagon,rwd,4,2,241,auto,9,5,145,3,27,22000,4,"wagon,premium,turbo"
BMW,540i Touring,2018,2023,wagon,awd,6,3,335,auto,8,5,140,3,25,35000,4,"wagon,six,quick"
Skoda,Octavia Combi,2021,2024,wagon,fwd,4,2,148,dct,7,5,150,3,38,20000,3,"wagon,practical,diesel,frugal"
Peugeot,508 SW,2019,2024,wagon,fwd,4,1.5,129,auto,8,5,150,3,48,20000,4,"wagon,diesel,frugal,stylish"
Volkswagen,Passat Variant,2015,2022,wagon,fwd,4,2,148,dct,7,5,150,3,40,15000,3,"wagon,diesel,practical,frugal"
Subaru,Outback,2020,2024,wagon,awd,4,2.4,260,cvt,1,5,220,4,25,28000,3,"wagon,awd,offroad,turbo"
Subaru,Legacy Wagon,2005,2009,wagon,awd,4,2.5,173,manual,5,5,165,3,23,7000,3,"wagon,awd,cheap"
Toyota,Highlander,2020,2024,suv,awd,6,3.5,295,auto,8,8,200,5,24,35000,3,"3row,family,comfort"
Toyota,Land Cruiser Prado,2010,2023,suv,4x4,6,4,270,auto,5,7,220,5,17,30000,3,"offroad,tough,3row"
Toyota,FJ Cruiser,2007,2014,suv,4x4,6,4,260,manual,6,5,240,5,18,30000,5,"offroad,tough,retro,boxy"
Lexus,LX 570,2008,2021,suv,4x4,8,5.7,383,auto,8,8,220,5,15,50000,4,"v8,luxury,offroad,3row,tough"
Nissan,Xterra,2005,2015,suv,4x4,6,4,261,manual,6,5,230,4,17,14000,4,"offroad,tough,boxy"
Nissan,Patrol Y61,1997,2013,suv,4x4,6,4.2,128,manual,5,7,230,4,18,15000,3,"offroad,diesel,tough,legend"
Nissan,Rogue,2021,2024,suv,awd,3,1.5,201,cvt,1,5,200,4,33,24000,3,"practical,frugal,family"
Honda,Passport,2019,2024,suv,awd,6,3.5,280,auto,9,5,210,4,22,28000,3,"practical,offroad,family"
Mazda,CX-30,2020,2024,suv,awd,4,2.5,186,auto,6,5,175,4,28,23000,4,"small,stylish,practical"
Hyundai,Tucson,2022,2024,suv,awd,4,2.5,187,auto,8,5,185,4,26,24000,4,"practical,family,stylish"
Hyundai,Santa Fe,2019,2023,suv,awd,4,2.5,191,auto,8,5,185,4,25,24000,3,"family,practical"
Kia,Seltos,2021,2024,suv,awd,4,2,146,cvt,1,5,180,4,29,21000,3,"small,practical,cheap"
Kia,Sorento,2021,2024,suv,awd,4,2.5,281,dct,8,7,175,4,25,30000,4,"3row,turbo,family"
Ford,Escape,2020,2024,suv,awd,3,1.5,181,auto,8,5,200,3,28,20000,2,"practical,frugal"
Ford,Edge,2019,2024,suv,awd,4,2,250,auto,8,5,200,3,24,22000,3,"practical,comfort,turbo"
Jeep,Renegade,2015,2023,suv,4x4,4,2.4,180,auto,9,5,210,2,24,14000,3,"small,offroad,boxy"
Land Rover,Discovery 5,2017,2024,suv,4x4,6,3,340,auto,8,7,280,2,20,35000,3,"offroad,3row,premium"
Land Rover,Range Rover Sport,2014,2022,suv,4x4,6,3,340,auto,8,5,280,2,20,30000,4,"offroad,premium,tow"
Mercedes-Benz,GLC 300,2016,2022,suv,awd,4,2,241,auto,9,5,180,3,25,28000,3,"premium,practical,turbo"
BMW,X1,2016,2022,suv,awd,4,2,228,auto,8,5,180,3,26,22000,3,"small,premium,practical"
Audi,Q7,2017,2024,suv,awd,6,3,335,auto,8,7,200,3,21,33000,3,"3row,quattro,premium"
Volkswagen,Tiguan,2018,2024,suv,awd,4,2,184,auto,8,7,200,3,25,21000,3,"practical,3row,family"
Volvo,XC60,2018,2024,suv,awd,4,2,247,auto,8,5,215,3,26,28000,4,"safe,premium,practical"
Porsche,Cayenne Turbo,2015,2018,suv,awd,8,4.8,520,auto,8,5,215,2,16,45000,5,"v8,fast,premium"
Mitsubishi,Outlander,2022,2024,suv,awd,4,2.5,181,cvt,1,7,210,4,27,26000,3,"3row,practical,family"
Suzuki,Vitara,2015,2023,suv,awd,4,1.6,118,manual,6,5,185,4,34,13000,3,"small,offroad,frugal"
Subaru,Forester,2009,2013,suv,awd,4,2.5,170,manual,5,5,220,4,24,8000,2,"awd,practical,cheap,offroad"
Honda,e,2020,2023,hatch,rwd,0,0,152,single,1,4,140,4,100,22000,4,"ev,city,retro,tech"
Toyota,bZ4X,2023,2025,suv,awd,0,0,214,single,1,5,210,4,96,30000,3,"ev,practical,tech"
Ford,Mustang Mach-E,2021,2024,suv,awd,0,0,346,single,1,5,145,3,95,33000,4,"ev,quick,stylish,tech"
Volkswagen,ID.4,2021,2024,suv,awd,0,0,295,single,1,5,165,3,97,28000,3,"ev,practical,family,tech"
Volkswagen,ID.Buzz,2023,2025,van,rwd,0,0,282,single,1,7,170,3,78,55000,5,"ev,van,retro,family,tech"
Audi,e-tron,2019,2023,suv,awd,0,0,402,single,1,5,190,3,78,35000,3,"ev,premium,quiet,tech"
Rivian,R1S,2022,2025,suv,awd,0,0,835,single,1,7,360,3,69,70000,5,"ev,offroad,3row,fast,tough"
Rivian,R1T,2022,2025,pickup,awd,0,0,835,single,1,5,360,3,70,65000,5,"ev,truck,offroad,fast,tough"
Toyota,Tundra,2022,2024,pickup,4x4,6,3.4,389,auto,10,5,250,4,20,45000,4,"truck,tow,turbo,tough"
Chevrolet,Colorado,2015,2022,pickup,4x4,6,3.6,308,auto,8,5,220,3,20,25000,3,"truck,offroad"
Chevrolet,Colorado ZR2,2017,2022,pickup,4x4,6,3.6,308,auto,8,5,240,3,19,35000,5,"offroad,truck,tough"
Ford,F-150 Raptor,2017,2020,pickup,4x4,6,3.5,450,auto,10,5,300,3,17,50000,5,"offroad,truck,fast,tough"
Ford,Maverick,2022,2024,pickup,fwd,4,2.5,191,cvt,1,5,205,4,37,27000,3,"truck,hybrid,frugal,small"
Ford,Ranger Raptor,2019,2023,pickup,4x4,4,2,210,auto,10,5,280,3,25,40000,5,"offroad,truck,diesel,tough"
GMC,Canyon,2015,2022,pickup,4x4,6,3.6,308,auto,8,5,220,3,20,26000,3,"truck,offroad"
Nissan,Titan,2017,2024,pickup,4x4,8,5.6,400,auto,9,5,240,3,18,30000,3,"v8,truck,tow"
Mitsubishi,L200,2015,2023,pickup,4x4,4,2.4,178,manual,6,5,220,4,27,22000,3,"truck,diesel,offroad"
Volkswagen,Amarok,2016,2022,pickup,4x4,6,3,255,auto,8,5,230,3,24,30000,3,"truck,diesel,tow"
Jeep,Gladiator,2020,2024,pickup,4x4,6,3.6,285,manual,6,5,280,3,19,35000,5,"offroad,truck,boxy,tough"
Toyota,Sienna,2021,2024,van,awd,4,2.5,245,cvt,1,8,155,5,35,38000,2,"van,hybrid,family,frugal,practical"
Kia,Carnival,2022,2024,van,fwd,6,3.5,290,auto,8,8,170,4,22,32000,3,"van,family,3row,practical"
Volkswagen,Transporter T6,2015,2023,van,fwd,4,2,148,dct,7,5,175,3,32,28000,2,"van,diesel,cargo,practical"
Mercedes-Benz,V-Class,2015,2023,van,rwd,4,2.1,187,auto,7,7,180,3,33,35000,3,"van,diesel,premium,family"
Ford,Transit Custom,2016,2023,van,fwd,4,2,168,manual,6,3,180,3,33,22000,1,"van,diesel,cargo"
Renault,Trafic,2015,2023,van,fwd,4,1.6,143,manual,6,3,175,3,36,18000,1,"van,diesel,cargo"
Porsche,718 Cayman,2017,2024,coupe,rwd,4,2,300,dct,7,2,115,3,24,55000,5,"mid,sporty,balanced,track"
Porsche,911 991,2012,2019,coupe,rwd,6,3,370,dct,7,4,110,3,22,70000,5,"six,sporty,icon,fast"
Porsche,Boxster 987,2005,2012,convertible,rwd,6,2.7,245,manual,5,2,120,3,22,22000,5,"mid,sporty,balanced"
Toyota,MR2 Spyder,2000,2007,convertible,rwd,4,1.8,138,manual,5,2,130,4,28,14000,4,"mid,light,fun,jdm"
Lotus,Elise,2005,2011,convertible,rwd,4,1.8,189,manual,6,2,130,2,26,40000,5,"mid,light,track,sporty"
Audi,R8 4.2,2008,2015,coupe,awd,8,4.2,420,manual,6,2,115,3,15,70000,5,"mid,v8,fast,sporty"
Chevrolet,Corvette C8,2020,2024,coupe,rwd,8,6.2,495,dct,8,2,125,3,19,70000,5,"mid,v8,fast,sporty"
Nissan,350Z,2003,2009,coupe,rwd,6,3.5,306,manual,6,2,130,3,20,15000,4,"jdm,sporty,rwd"
Nissan,Z,2023,2025,coupe,rwd,6,3,400,manual,6,2,115,3,21,45000,5,"jdm,fast,sporty,turbo"
Mazda,RX-7 FD,1993,2002,coupe,rwd,2,1.3,255,manual,5,2,135,1,17,40000,5,"rotary,jdm,sporty,icon,light"
Toyota,Celica,2000,2006,coupe,fwd,4,1.8,180,manual,6,4,140,4,28,9000,4,"jdm,fun,cheap,light"
Honda,Integra Type R,1997,2001,coupe,fwd,4,1.8,195,manual,5,4,140,4,25,40000,5,"jdm,sporty,icon,track,light"
Subaru,BRZ,2013,2020,coupe,rwd,4,2,205,manual,6,4,130,4,26,20000,5,"sporty,fun,light,balanced"
Toyota,GR Supra 2.0,2021,2025,coupe,rwd,4,2,255,auto,8,2,115,4,28,40000,5,"sporty,jdm,turbo"
BMW,M4,2015,2020,coupe,rwd,6,3,425,dct,7,4,130,2,20,45000,5,"fast,sporty,turbo"
BMW,435i,2014,2016,coupe,rwd,6,3,300,auto,8,4,135,3,25,22000,4,"six,quick,premium"
Mercedes-Benz,AMG GT,2016,2021,coupe,rwd,8,4,469,dct,7,2,110,2,18,70000,5,"v8,fast,sporty,loud"
Hyundai,Genesis Coupe,2010,2016,coupe,rwd,6,3.8,348,manual,6,4,140,3,21,15000,4,"rwd,sporty,cheap"
Ford,Mondeo,2015,2022,sedan,fwd,4,2,187,auto,6,5,145,3,29,12000,3,"comfort,practical,diesel"
Ford,Focus ST,2019,2022,hatch,fwd,4,2.3,276,manual,6,5,135,3,26,26000,4,"sporty,fun,turbo"
Ford,Focus RS,2016,2018,hatch,awd,4,2.3,350,manual,6,5,135,3,22,35000,5,"fast,awd,sporty,track"
Ford,Puma,2020,2024,suv,fwd,3,1,153,dct,7,5,165,3,40,20000,3,"small,frugal,practical"
Ford,Kuga,2020,2024,suv,awd,4,2.5,190,cvt,1,5,190,3,37,22000,3,"practical,hybrid,family"
Ford,S-Max,2015,2023,van,fwd,4,2,187,auto,8,7,150,3,38,16000,3,"van,diesel,family,practical"
Ford,Galaxy,2015,2023,van,fwd,4,2,187,auto,8,7,150,3,38,17000,2,"van,diesel,family"
Opel,Astra,2016,2021,hatch,fwd,3,1.2,128,manual,6,5,145,3,42,13000,3,"small,frugal,practical"
Opel,Mokka,2021,2024,suv,fwd,3,1.2,128,auto,8,5,165,3,40,18000,4,"small,stylish,frugal"
Opel,Grandland,2018,2024,suv,fwd,4,1.5,129,auto,8,5,180,3,45,17000,3,"practical,diesel,frugal"
Opel,Zafira,2012,2019,van,fwd,4,1.6,134,manual,6,7,150,2,38,9000,2,"van,family,diesel,cheap"
Renault,Megane,2016,2022,hatch,fwd,4,1.5,113,dct,7,5,145,3,50,12000,3,"diesel,frugal,practical"
Renault,Captur,2020,2024,suv,fwd,3,1.3,138,dct,7,5,170,3,38,17000,3,"small,practical,frugal"
Renault,Twingo,2014,2023,hatch,rwd,3,0.9,89,manual,5,4,145,3,44,9000,3,"tiny,city,quirky,light"
Renault,Zoe,2013,2023,hatch,fwd,0,0,134,single,1,5,140,3,100,10000,2,"ev,city,frugal,cheap"
Peugeot,3008,2017,2024,suv,fwd,4,1.5,129,auto,8,5,170,3,46,18000,4,"practical,diesel,frugal,stylish"
Peugeot,5008,2017,2024,suv,fwd,4,1.5,129,auto,8,7,170,3,45,20000,3,"3row,diesel,practical,family"
Peugeot,2008,2020,2024,suv,fwd,3,1.2,129,auto,8,5,170,3,42,17000,4,"small,stylish,frugal"
Peugeot,206,1998,2010,hatch,fwd,4,1.4,75,manual,5,5,145,2,40,4000,2,"tiny,cheap,city"
Citroen,C4,2020,2024,hatch,fwd,3,1.2,128,auto,8,5,156,3,42,17000,3,"small,frugal,quirky"
Citroen,C5 Aircross,2019,2024,suv,fwd,4,1.5,129,auto,8,5,180,3,45,19000,3,"practical,diesel,comfort"
Citroen,C5 X,2022,2024,wagon,fwd,4,1.6,179,auto,8,5,170,3,40,25000,4,"wagon,comfort,hybrid,quirky"
Seat,Leon,2020,2024,hatch,fwd,4,1.5,148,dct,7,5,145,3,40,18000,4,"practical,frugal,stylish"
Seat,Ateca,2017,2024,suv,awd,4,2,187,dct,7,5,180,3,30,19000,3,"practical,family,turbo"
Seat,Arona,2018,2024,suv,fwd,3,1,109,dct,7,5,170,3,42,15000,3,"small,practical,frugal"
Skoda,Kodiaq,2017,2024,suv,awd,4,2,187,dct,7,7,190,4,26,24000,3,"3row,practical,family"
Skoda,Karoq,2018,2024,suv,awd,4,2,187,dct,7,5,180,4,30,20000,3,"practical,family"
Skoda,Rapid,2013,2019,sedan,fwd,4,1.2,104,manual,5,5,145,4,42,8000,2,"cheap,practical,frugal"
Skoda,Scala,2019,2024,hatch,fwd,3,1,114,dct,7,5,150,4,44,15000,3,"practical,frugal,small"
Volkswagen,T-Roc,2018,2024,suv,awd,4,2,187,dct,7,5,170,3,30,20000,4,"small,stylish,practical"
Volkswagen,T-Cross,2019,2024,suv,fwd,3,1,109,dct,7,5,180,3,42,16000,3,"small,practical,frugal"
Volkswagen,Touran,2015,2023,van,fwd,4,2,148,dct,7,7,145,3,43,16000,2,"van,diesel,family,practical"
Volkswagen,Sharan,2010,2022,van,fwd,4,2,148,dct,6,7,145,3,40,14000,2,"van,diesel,family"
Volkswagen,Caddy,2015,2023,van,fwd,4,2,101,manual,5,5,165,3,45,14000,1,"van,diesel,cargo,frugal"
Volkswagen,Scirocco,2009,2017,coupe,fwd,4,2,207,dct,6,4,135,3,30,12000,4,"sporty,stylish,turbo"
Volkswagen,Golf Mk4 GTI,1998,2004,hatch,fwd,4,1.8,178,manual,5,5,135,2,26,6000,3,"sporty,classic,turbo"
Volkswagen,Golf Mk2 GTI,1984,1992,hatch,fwd,4,1.8,110,manual,5,5,140,3,28,9000,4,"classic,light,fun"
Volkswagen,Beetle,1970,1979,sedan,rwd,4,1.6,57,manual,4,4,150,3,25,12000,4,"classic,quirky,icon,cheap"
Audi,A1,2019,2024,hatch,fwd,3,1,114,dct,7,5,140,3,42,18000,3,"small,premium,frugal"
Audi,Q3,2019,2024,suv,awd,4,2,228,dct,8,5,180,3,25,26000,3,"small,quattro,premium"
Audi,A5 Sportback,2017,2023,sedan,awd,4,2,248,auto,7,5,140,3,27,27000,4,"stylish,quattro,premium"
Audi,S5,2018,2023,coupe,awd,6,3,349,auto,8,4,135,3,24,35000,4,"fast,quattro,premium"
Audi,RS3,2017,2024,sedan,awd,5,2.5,394,dct,7,5,135,3,22,45000,5,"five,fast,quattro,loud"
Audi,S6,2013,2018,sedan,awd,8,4,450,dct,7,5,140,2,21,30000,4,"v8,fast,quattro,sleeper"
BMW,118i,2015,2019,hatch,rwd,3,1.5,134,auto,8,5,140,3,38,13000,3,"rwd,small,frugal"
BMW,M135i,2016,2019,hatch,rwd,6,3,335,auto,8,5,135,3,26,25000,4,"fast,six,rwd,sleeper"
BMW,520d,2017,2023,sedan,rwd,4,2,187,auto,8,5,140,3,47,22000,3,"diesel,frugal,comfort"
BMW,X3,2018,2024,suv,awd,4,2,248,auto,8,5,204,3,25,28000,3,"practical,premium,awd"
BMW,X7,2019,2024,suv,awd,6,3,335,auto,8,7,221,3,23,50000,3,"3row,premium,big"
BMW,M5 F90,2018,2023,sedan,awd,8,4.4,600,auto,8,5,135,2,17,60000,5,"v8,fast,premium"
BMW,i3,2014,2022,hatch,rwd,0,0,170,single,1,4,140,3,113,15000,4,"ev,city,quirky,tech"
BMW,i4,2022,2024,sedan,rwd,0,0,335,single,1,5,130,3,109,40000,4,"ev,quick,premium,tech"
Mercedes-Benz,A250,2019,2024,hatch,fwd,4,2,221,dct,7,5,140,3,28,24000,4,"premium,turbo,small"
Mercedes-Benz,CLA 250,2020,2024,sedan,fwd,4,2,221,dct,7,5,140,3,28,26000,4,"stylish,premium,turbo"
Mercedes-Benz,GLA 250,2021,2024,suv,awd,4,2,221,dct,8,5,190,3,27,28000,3,"small,premium,practical"
Mercedes-Benz,GLS 450,2020,2024,suv,awd,6,3,362,auto,9,7,200,3,22,55000,3,"3row,luxury,big"
Mercedes-Benz,S500,2014,2020,sedan,rwd,8,4.7,449,auto,7,5,140,2,20,35000,3,"v8,luxury,quiet,comfort"
Mercedes-Benz,190E,1982,1993,sedan,rwd,4,2,118,manual,5,5,150,4,25,9000,3,"classic,tough,cheap"
Volvo,XC40,2018,2024,suv,awd,4,2,248,auto,8,5,211,3,26,26000,4,"small,safe,premium"
Volvo,V40,2013,2019,hatch,fwd,4,2,187,auto,8,5,145,3,40,12000,3,"safe,frugal,practical,diesel"
Volvo,XC70,2008,2016,wagon,awd,6,3.2,240,auto,6,5,210,3,20,9000,3,"wagon,offroad,awd,safe"
Volvo,S90,2017,2024,sedan,awd,4,2,316,auto,8,5,150,3,27,28000,3,"safe,premium,comfort"
Volvo,940,1991,1998,wagon,rwd,4,2.3,114,manual,5,5,155,4,22,7000,2,"wagon,classic,boxy,tough"
Volvo,EX30,2024,2025,suv,rwd,0,0,268,single,1,5,175,3,104,35000,4,"ev,small,safe,quick"
Saab,900 Turbo,1979,1993,hatch,fwd,4,2,160,manual,5,5,150,3,22,12000,4,"classic,turbo,quirky"
Saab,9-3,2003,2011,sedan,fwd,4,2,207,manual,6,5,145,2,25,6000,3,"turbo,quirky,cheap"
Alfa Romeo,Stelvio,2018,2024,suv,awd,4,2,280,auto,8,5,200,2,26,28000,5,"stylish,quick,turbo"
Alfa Romeo,4C,2015,2020,coupe,rwd,4,1.75,237,dct,6,2,115,2,28,45000,5,"mid,light,sporty,track"
Alfa Romeo,159,2005,2011,sedan,fwd,4,1.9,148,manual,6,5,145,2,34,6000,4,"stylish,diesel,cheap"
Fiat,500 Abarth,2012,2019,hatch,fwd,4,1.4,160,manual,5,4,130,2,31,11000,4,"tiny,sporty,loud,fun"
Fiat,Tipo,2016,2023,hatch,fwd,4,1.6,118,dct,6,5,150,3,42,10000,2,"cheap,practical,diesel"
Fiat,500e,2024,2025,hatch,fwd,0,0,117,single,1,4,130,3,102,30000,4,"ev,tiny,city,retro"
Dacia,Sandero,2021,2024,hatch,fwd,3,1,89,manual,6,5,155,3,45,12000,2,"cheap,frugal,practical"
Dacia,Logan,2013,2020,sedan,fwd,4,1.5,89,manual,5,5,155,3,48,7000,1,"cheap,frugal,diesel"
Mini,Countryman,2017,2023,suv,awd,4,2,189,auto,8,5,165,3,27,20000,4,"small,practical,retro"
Smart,Fortwo,2016,2024,hatch,rwd,3,0.9,89,dct,6,2,140,3,36,9000,3,"tiny,city,quirky"
Jaguar,XE,2016,2024,sedan,rwd,4,2,247,auto,8,5,135,2,28,20000,4,"stylish,premium,turbo"
Jaguar,XF,2016,2024,sedan,rwd,4,2,247,auto,8,5,140,2,29,20000,4,"stylish,premium,comfort"
Jaguar,F-Type,2014,2024,coupe,rwd,6,3,380,auto,8,2,115,2,21,45000,5,"supercharged,fast,sporty,loud"
Jaguar,F-Pace,2017,2024,suv,awd,4,2,247,auto,8,5,213,2,25,28000,4,"stylish,premium,practical"
Land Rover,Defender 110,2020,2025,suv,4x4,6,3,395,auto,8,7,291,2,19,60000,5,"offroad,boxy,tough,3row"
Land Rover,Freelander 2,2007,2014,suv,4x4,4,2.2,187,auto,6,5,210,2,27,8000,2,"offroad,diesel,cheap"
Maserati,Ghibli,2014,2023,sedan,rwd,6,3,345,auto,8,5,135,1,22,25000,5,"stylish,fast,loud"
Porsche,Cayman 981,2013,2016,coupe,rwd,6,2.7,271,manual,6,2,115,3,23,40000,5,"mid,sporty,balanced"
Porsche,Boxster 981,2013,2016,convertible,rwd,6,2.7,261,manual,6,2,120,3,23,38000,5,"mid,sporty,balanced"
Porsche,718 Boxster,2017,2024,convertible,rwd,4,2,300,dct,7,2,115,3,24,52000,5,"mid,sporty,turbo"
Porsche,911 992,2019,2024,coupe,rwd,6,3,379,dct,8,4,110,3,20,95000,5,"six,sporty,icon,fast"
Porsche,911 964,1989,1994,coupe,rwd,6,3.6,247,manual,5,4,120,3,19,80000,5,"six,classic,icon"
Porsche,Taycan,2020,2024,sedan,awd,0,0,522,single,2,4,130,3,79,70000,5,"ev,fast,premium,tech"
Lotus,Evora,2010,2021,coupe,rwd,6,3.5,400,manual,6,4,130,2,22,55000,5,"mid,light,sporty,track"
Lotus,Exige S,2012,2021,coupe,rwd,6,3.5,345,manual,6,2,120,2,23,60000,5,"mid,light,track,sporty"
Ferrari,360 Modena,1999,2005,coupe,rwd,8,3.6,394,manual,6,2,115,2,14,90000,5,"mid,v8,fast,icon"
Toyota,Chaser JZX100,1996,2001,sedan,rwd,6,2.5,276,manual,5,5,145,4,20,22000,4,"jdm,turbo,drift,six"
Toyota,Altezza,1998,2005,sedan,rwd,4,2,207,manual,6,5,140,4,24,12000,4,"jdm,rwd,sporty"
Toyota,MR2 SW20,1989,1999,coupe,rwd,4,2,200,manual,5,2,130,3,23,18000,4,"mid,jdm,turbo,sporty"
Toyota,MR2 AW11,1984,1989,coupe,rwd,4,1.6,112,manual,5,2,140,4,28,15000,4,"mid,light,jdm,classic"
Toyota,Starlet GT,1989,1999,hatch,fwd,4,1.3,133,manual,5,4,140,4,32,12000,4,"jdm,tiny,turbo,light"
Toyota,Auris,2013,2018,hatch,fwd,4,1.8,134,cvt,1,5,140,5,42,10000,2,"hybrid,frugal,practical"
Toyota,Verso,2013,2018,van,fwd,4,1.6,130,manual,6,7,150,4,38,9000,2,"van,family,practical"
Toyota,Avensis,2015,2018,wagon,fwd,4,1.6,110,manual,6,5,150,5,47,9000,2,"wagon,diesel,frugal,practical"
Toyota,C-HR,2018,2023,suv,fwd,4,2,144,cvt,1,5,160,5,33,18000,4,"stylish,hybrid,frugal,small"
Toyota,Yaris Cross,2021,2024,suv,awd,3,1.5,114,cvt,1,5,170,5,50,20000,3,"hybrid,frugal,small,practical"
Nissan,Skyline R33 GTS-t,1993,1998,coupe,rwd,6,2.5,247,manual,5,4,135,3,21,20000,4,"jdm,turbo,drift,six"
Nissan,Skyline R34 GT-T,1998,2002,coupe,rwd,6,2.5,276,manual,5,4,135,3,20,30000,5,"jdm,turbo,drift,six"
Nissan,Silvia S15,1999,2002,coupe,rwd,4,2,247,manual,6,4,135,3,23,30000,5,"jdm,turbo,drift,light"
Nissan,Micra,2010,2016,hatch,fwd,3,1.2,79,manual,5,5,150,4,44,6000,2,"tiny,cheap,city"
Nissan,Juke,2011,2019,suv,fwd,4,1.6,188,cvt,1,5,180,3,28,11000,4,"small,quirky,turbo"
Nissan,Qashqai,2014,2021,suv,fwd,4,1.5,108,manual,6,5,180,3,50,13000,3,"practical,diesel,frugal"
Nissan,X-Trail,2014,2021,suv,awd,4,1.6,128,cvt,1,7,210,3,44,14000,3,"3row,diesel,practical,family"
Nissan,Navara,2015,2023,pickup,4x4,4,2.3,187,auto,7,5,225,3,28,24000,3,"truck,diesel,offroad"
Nissan,Ariya,2023,2025,suv,awd,0,0,389,single,1,5,180,4,89,35000,4,"ev,practical,quiet,tech"
Mazda,MX-5 NA,1989,1997,convertible,rwd,4,1.6,116,manual,5,2,130,4,28,12000,4,"light,fun,icon,jdm"
Mazda,MX-5 NB,1998,2005,convertible,rwd,4,1.8,140,manual,5,2,130,4,27,9000,4,"light,fun,jdm"
Mazda,MX-30,2022,2024,suv,fwd,0,0,143,single,1,5,140,4,92,22000,4,"ev,quirky,city"
Mazda,CX-90,2024,2025,suv,awd,6,3.3,340,auto,8,7,200,4,25,45000,4,"3row,six,premium,turbo"
Mazda,CX-60,2023,2025,suv,awd,6,3.3,280,auto,8,5,190,4,35,40000,4,"six,diesel,premium,practical"
Mitsubishi,3000GT,1990,1999,coupe,awd,6,3,296,manual,6,4,135,2,18,20000,4,"jdm,turbo,fast,six"
Mitsubishi,Eclipse,1995,1999,coupe,fwd,4,2,210,manual,5,4,140,3,23,10000,4,"jdm,turbo,cheap"
Mitsubishi,Lancer Evo VI,1999,2001,sedan,awd,4,2,276,manual,5,5,140,3,20,40000,5,"jdm,rally,fast,icon"
Subaru,SVX,1991,1996,coupe,awd,6,3.3,231,auto,4,4,145,3,19,12000,4,"jdm,quirky,six"
Subaru,Legacy GT,2005,2009,sedan,awd,4,2.5,243,manual,5,5,150,3,22,9000,3,"turbo,awd,sleeper"
Subaru,Ascent,2019,2024,suv,awd,4,2.4,260,cvt,1,8,220,3,23,28000,3,"3row,family,turbo,awd"
Subaru,XV,2018,2023,suv,awd,4,2,154,cvt,1,5,220,4,29,18000,3,"awd,offroad,practical"
Honda,Prelude,1992,2001,coupe,fwd,4,2.2,195,manual,5,4,140,4,25,12000,4,"jdm,fun,vtec"
Honda,CR-Z,2011,2016,coupe,fwd,4,1.5,130,manual,6,2,140,4,37,9000,4,"hybrid,jdm,light,quirky"
Honda,Jazz,2020,2024,hatch,fwd,4,1.5,107,cvt,1,5,135,5,48,17000,2,"hybrid,frugal,practical,city"
Honda,CR-V Hybrid,2020,2024,suv,awd,4,2,212,cvt,1,5,200,5,38,26000,3,"hybrid,frugal,family,practical"
Suzuki,Ignis,2017,2024,suv,fwd,4,1.2,89,manual,5,5,180,4,45,12000,3,"tiny,offroad,frugal,quirky"
Suzuki,SX4 S-Cross,2014,2021,suv,awd,4,1.6,118,manual,6,5,180,4,34,12000,3,"small,offroad,practical"
Daihatsu,Terios,2006,2017,suv,4x4,4,1.5,105,manual,5,5,200,4,30,8000,3,"tiny,offroad,cheap"
Isuzu,MU-X,2021,2024,suv,4x4,4,3,187,auto,6,7,235,4,25,35000,3,"offroad,diesel,3row,tough"
Lexus,RC F,2015,2024,coupe,rwd,8,5,472,auto,8,4,130,5,19,40000,5,"v8,fast,loud,sporty"
Lexus,NX 300,2018,2021,suv,awd,4,2,235,auto,6,5,180,5,25,25000,3,"premium,practical,turbo"
Lexus,UX 250h,2019,2024,suv,awd,4,2,181,cvt,1,5,160,5,39,28000,3,"hybrid,frugal,premium,small"
Infiniti,Q60,2017,2022,coupe,rwd,6,3,400,auto,7,4,130,3,22,30000,5,"fast,turbo,stylish"
Acura,Integra,2023,2025,sedan,fwd,4,1.5,200,manual,6,5,135,4,33,30000,4,"sporty,fun,manual"
Acura,RDX,2019,2024,suv,awd,4,2,272,auto,10,5,200,4,24,28000,3,"practical,premium,turbo"
Acura,TLX Type S,2021,2024,sedan,awd,6,3,355,auto,10,5,140,4,22,40000,4,"fast,six,premium"
Hyundai,i20,2020,2024,hatch,fwd,3,1,99,dct,7,5,145,4,45,14000,3,"small,frugal,city"
Hyundai,i30,2017,2023,hatch,fwd,4,1.4,138,dct,7,5,145,4,38,14000,3,"practical,frugal"
Hyundai,Kona Electric,2019,2023,suv,fwd,0,0,201,single,1,5,170,4,120,22000,3,"ev,frugal,practical"
Hyundai,Ioniq 6,2023,2025,sedan,awd,0,0,320,single,1,5,140,4,113,38000,4,"ev,stylish,quick,tech"
Kia,Ceed,2018,2024,hatch,fwd,4,1.4,138,dct,7,5,145,4,38,14000,3,"practical,frugal"
Kia,Rio,2017,2023,hatch,fwd,4,1.25,83,manual,5,5,145,4,44,10000,2,"small,cheap,frugal"
Kia,Stonic,2017,2024,suv,fwd,3,1,99,dct,7,5,165,4,42,14000,3,"small,frugal,practical"
Kia,Niro EV,2019,2022,suv,fwd,0,0,201,single,1,5,155,4,112,22000,3,"ev,frugal,practical"
Kia,Soul EV,2020,2024,hatch,fwd,0,0,201,single,1,5,165,4,114,21000,3,"ev,boxy,practical"
Kia,EV9,2024,2025,suv,awd,0,0,379,single,1,7,180,4,80,60000,4,"ev,3row,boxy,family"
SsangYong,Korando,2019,2024,suv,awd,4,1.6,134,auto,6,5,180,3,34,15000,2,"cheap,practical,diesel"
Chevrolet,Cruze,2016,2019,sedan,fwd,4,1.4,153,auto,6,5,145,3,34,10000,2,"cheap,frugal,commuter"
Chevrolet,Equinox,2018,2024,suv,awd,4,1.5,170,auto,6,5,200,3,28,18000,2,"practical,family"
Chevrolet,Traverse,2018,2024,suv,awd,6,3.6,310,auto,9,8,200,3,21,25000,3,"3row,family,big"
Chevrolet,Trailblazer,2021,2024,suv,awd,3,1.3,155,cvt,1,5,200,3,29,20000,3,"small,practical,frugal"
Chevrolet,Blazer,2019,2024,suv,awd,6,3.6,308,auto,9,5,200,3,22,26000,4,"stylish,practical,six"
Chevrolet,Camaro V6,2016,2023,coupe,rwd,6,3.6,335,manual,6,4,120,3,22,24000,4,"six,sporty,rwd"
Chevrolet,Silverado 2500HD,2020,2024,pickup,4x4,8,6.6,401,auto,6,6,240,3,14,45000,3,"truck,v8,tow,heavy"
Chevrolet,Equinox EV,2024,2025,suv,fwd,0,0,213,single,1,5,200,3,108,35000,3,"ev,practical,family"
Ford,Taurus,2013,2019,sedan,fwd,6,3.5,288,auto,6,5,140,3,21,11000,2,"big,comfort,six"
Ford,Bronco Sport,2021,2024,suv,4x4,3,1.5,181,auto,8,5,220,3,28,26000,4,"offroad,small,boxy"
Ford,Explorer ST,2020,2024,suv,awd,6,3,400,auto,10,7,200,3,21,38000,4,"fast,3row,six"
Ford,Mustang GT S650,2024,2025,coupe,rwd,8,5,480,manual,6,4,125,3,19,45000,5,"v8,sporty,fast,loud"
GMC,Acadia,2020,2024,suv,awd,4,2,230,auto,9,7,200,3,24,28000,3,"3row,family,practical"
GMC,Yukon,2021,2024,suv,4x4,8,5.3,355,auto,10,8,200,3,18,45000,3,"v8,3row,tow,big"
Buick,Enclave,2018,2024,suv,awd,6,3.6,310,auto,9,7,200,3,21,26000,3,"3row,comfort,family"
Jeep,Compass,2017,2024,suv,4x4,4,2.4,180,auto,9,5,210,2,25,16000,3,"small,offroad,practical"
Jeep,Wrangler 4xe,2021,2024,suv,4x4,4,2,375,auto,8,5,275,2,49,42000,5,"offroad,hybrid,boxy,tough"
Dodge,Durango SRT,2018,2023,suv,awd,8,6.4,475,auto,8,7,215,3,15,50000,5,"v8,fast,3row,tow"
Ram,2500,2019,2024,pickup,4x4,6,6.7,370,auto,6,6,220,3,15,50000,3,"truck,diesel,tow,heavy"
Chrysler,Voyager,2020,2024,van,fwd,6,3.6,287,auto,9,7,130,3,22,24000,2,"van,family,practical"
Lincoln,Navigator,2018,2024,suv,4x4,6,3.5,440,auto,10,8,245,3,19,50000,4,"luxury,3row,big,tow"
Cadillac,XT5,2017,2024,suv,awd,6,3.6,310,auto,8,5,200,3,21,25000,3,"premium,practical,six"
Tesla,Model X,2016,2024,suv,awd,0,0,670,single,1,7,145,2,102,45000,4,"ev,fast,3row,tech"
Lucid,Air,2022,2025,sedan,awd,0,0,620,single,1,5,140,2,130,60000,5,"ev,fast,luxury,tech"
Mercedes-Benz,EQS,2022,2024,sedan,awd,0,0,516,single,1,5,130,3,97,55000,4,"ev,luxury,quiet,tech"
BMW,iX,2022,2024,suv,awd,0,0,516,single,1,5,200,3,86,55000,4,"ev,premium,quiet,tech"
Ferrari,F430,2005,2009,coupe,rwd,8,4.3,483,manual,6,2,100,2,15,110000,5,"exotic,v8,fast,mid"
Ferrari,California,2009,2014,convertible,rwd,8,4.3,453,dct,7,4,110,3,17,75000,5,"exotic,v8,fast"
Lamborghini,Gallardo,2004,2008,coupe,awd,10,5,493,manual,6,2,100,2,13,95000,5,"exotic,v10,fast,mid"
Aston Martin,V8 Vantage,2006,2011,coupe,rwd,8,4.3,380,manual,6,2,110,2,16,45000,5,"exotic,v8,sporty"
Aston Martin,DB9,2004,2009,coupe,rwd,12,5.9,450,auto,6,4,110,2,15,42000,5,"exotic,v12,luxury,fast"
Bentley,Continental GT,2004,2010,coupe,awd,12,6,552,auto,6,4,110,3,13,55000,5,"luxury,w12,fast,heavy"
Lotus,Evora GT,2020,2021,coupe,rwd,6,3.5,416,manual,6,2,110,3,20,85000,5,"exotic,sporty,mid,light"
Maserati,GranTurismo,2008,2013,coupe,rwd,8,4.7,433,auto,6,4,110,2,15,35000,5,"luxury,v8,sporty"
Maserati,Levante,2017,2021,suv,awd,6,3,345,auto,8,5,200,2,18,38000,4,"luxury,suv,sporty"
Dodge,Viper,2013,2017,coupe,rwd,10,8.4,645,manual,6,2,105,2,15,75000,5,"exotic,v10,fast"
Renault,Alpine A110,2018,2024,coupe,rwd,4,1.8,252,dct,7,2,120,4,29,65000,5,"sporty,mid,light,fast"
Porsche,Cayman GT4,2020,2023,coupe,rwd,6,4,414,manual,6,2,115,4,17,95000,5,"exotic,sporty,mid,fast,track"
Porsche,718 Spyder,2020,2024,convertible,rwd,6,4,414,manual,6,2,115,4,17,98000,5,"sporty,mid,fast,fun"
Porsche,Panamera,2017,2023,sedan,awd,6,3,325,dct,8,4,120,3,19,42000,4,"luxury,sporty,fast"
Fiat,124 Spider,2017,2020,convertible,rwd,4,1.4,164,manual,6,2,120,3,29,20000,4,"sporty,fun,light"
Datsun,240Z,1970,1973,coupe,rwd,6,2.4,151,manual,4,2,130,3,20,28000,5,"classic,jdm,sporty,rwd"
Plymouth,Prowler,1997,2002,convertible,rwd,6,3.5,253,auto,4,2,110,3,19,35000,5,"retro,hotrod,rwd"
Pontiac,Firebird Trans Am,1998,2002,coupe,rwd,8,5.7,320,manual,6,4,120,3,18,15000,4,"v8,muscle,fast"
Pontiac,G8 GT,2008,2009,sedan,rwd,8,6,361,auto,6,5,140,4,18,17000,4,"v8,fast,rwd"
Pontiac,Solstice,2006,2009,convertible,rwd,4,2.4,177,manual,5,2,110,3,25,10000,4,"sporty,fun,light"
Saturn,Sky,2007,2010,convertible,rwd,4,2,260,manual,5,2,120,3,25,14000,4,"sporty,turbo,fun"
Saturn,Ion Red Line,2004,2007,sedan,fwd,4,2,205,manual,5,5,140,2,26,6000,3,"sporty,turbo,cheap"
Chevrolet,SS,2014,2017,sedan,rwd,8,6.2,415,auto,6,5,130,3,17,32000,5,"v8,fast,rwd,sleeper"
Chevrolet,Camaro ZL1,2017,2024,coupe,rwd,8,6.2,650,manual,6,4,110,3,14,55000,5,"v8,fast,supercharged"
Ford,Mustang Shelby GT500,2020,2022,coupe,rwd,8,5.2,760,dct,7,4,110,3,14,85000,5,"v8,fast,supercharged,track"
Ford,Thunderbird,2002,2005,convertible,rwd,8,3.9,252,auto,5,4,120,3,19,15000,4,"retro,v8,cruiser"
Dodge,Challenger Hellcat,2015,2023,coupe,rwd,8,6.2,717,auto,8,4,115,3,13,55000,5,"v8,fast,muscle,supercharged"
Dodge,Charger Scat Pack,2015,2023,sedan,rwd,8,6.4,485,auto,8,5,135,3,16,38000,5,"v8,fast,muscle"
Ram,1500 TRX,2021,2023,pickup,4x4,8,6.2,702,auto,8,5,290,3,10,75000,5,"v8,fast,offroad,supercharged"
Cadillac,CT5-V Blackwing,2022,2023,sedan,rwd,8,6.2,668,manual,6,4,130,3,15,95000,5,"v8,fast,supercharged,rwd"
Cadillac,ATS-V,2016,2019,sedan,rwd,6,3.6,464,manual,6,4,130,3,19,35000,5,"sporty,turbo,fast"
Scion,tC,2005,2010,coupe,fwd,4,2.4,161,manual,5,4,130,4,26,7000,3,"cheap-parts,commuter"
Scion,FR-S,2013,2016,coupe,rwd,4,2,200,manual,6,4,130,4,28,16000,4,"sporty,jdm,fun"
Scion,xB,2008,2015,wagon,fwd,4,2.4,158,auto,4,5,160,4,25,8000,2,"practical,boxy"
Mercury,Grand Marquis,2003,2011,sedan,rwd,8,4.6,224,auto,4,6,145,4,18,7000,2,"comfort,v8,quiet"
Mercury,Cougar,1999,2002,coupe,fwd,6,2.5,170,manual,5,4,130,3,24,5000,3,"sporty,cheap"
Saab,9-3 Aero,2003,2011,convertible,fwd,4,2,210,manual,6,4,130,3,24,7000,3,"turbo,quirky,fun"
Buick,Regal GS,2012,2017,sedan,awd,4,2,259,auto,6,5,140,3,25,10000,3,"sporty,turbo,awd"
Buick,Encore,2013,2022,suv,awd,4,1.4,138,auto,6,5,180,3,28,12000,2,"small,practical"
Buick,LaCrosse,2010,2016,sedan,fwd,6,3.6,304,auto,6,5,140,3,24,9000,2,"comfort,quiet"
Buick,Envision,2021,2024,suv,awd,4,2,228,auto,9,5,195,3,25,22000,3,"small,practical"
Lincoln,MKZ,2013,2020,sedan,awd,6,3.7,300,auto,6,5,140,3,23,12000,3,"luxury,comfort"
Lincoln,Aviator,2020,2024,suv,awd,6,3,400,auto,10,6,200,3,20,42000,4,"luxury,3row,turbo,fast"
Lincoln,Continental,2017,2020,sedan,awd,6,3,400,auto,6,5,140,3,20,25000,4,"luxury,quiet,fast"
Chrysler,300 SRT8,2012,2014,sedan,rwd,8,6.4,470,auto,5,5,130,3,16,22000,5,"v8,fast,muscle"
Chrysler,Sebring,2007,2010,sedan,fwd,4,2.4,173,auto,4,5,140,2,25,4000,2,"cheap,commuter"
Dodge,Journey,2011,2020,suv,fwd,6,3.6,283,auto,6,7,180,2,22,7000,2,"3row,family,cheap"
Dodge,Dart,2013,2016,sedan,fwd,4,2,160,auto,6,5,140,2,29,7000,3,"commuter,cheap"
Dodge,Grand Caravan,2011,2020,van,fwd,6,3.6,283,auto,6,7,150,3,21,9000,2,"van,family,practical"
Jeep,Grand Wagoneer,2022,2025,suv,4x4,8,6.4,471,auto,8,7,250,3,14,85000,4,"v8,luxury,3row,big"
Ford,Bronco Raptor,2022,2024,suv,4x4,6,3,418,auto,10,5,300,3,15,65000,5,"offroad,turbo,fast,big"
Ford,C-Max Hybrid,2013,2018,hatch,fwd,4,2,188,cvt,1,5,150,3,40,8000,2,"hybrid,practical"
Ford,Flex,2009,2019,wagon,awd,6,3.5,287,auto,6,7,170,3,19,10000,2,"3row,wagon,family"
Volkswagen,Atlas,2018,2024,suv,awd,6,3.6,276,auto,8,7,200,3,20,25000,3,"3row,family,practical"
Volkswagen,Taos,2022,2025,suv,awd,4,1.5,158,dct,8,5,190,4,29,22000,3,"small,practical"
Volkswagen,CC,2009,2017,sedan,fwd,4,2,200,dct,6,5,130,3,27,9000,4,"stylish,sporty,turbo"
Volkswagen,Jetta GLI,2019,2024,sedan,fwd,4,2,228,manual,6,5,135,4,28,24000,4,"sporty,turbo,fun"
Audi,Q8,2019,2024,suv,awd,6,3,335,auto,8,5,200,3,20,45000,4,"luxury,sporty,suv"
Audi,A8,2011,2018,sedan,awd,8,4,435,auto,8,5,130,4,20,22000,4,"luxury,v8,quiet"
Audi,RS7,2014,2018,sedan,awd,8,4,560,auto,8,5,125,3,17,50000,5,"fast,v8,luxury,sporty"
BMW,X6,2015,2019,suv,awd,6,3,300,auto,8,5,200,3,21,25000,3,"sporty,suv,coupe-like"
BMW,Z4,2019,2024,convertible,rwd,4,2,255,auto,8,2,120,4,26,35000,5,"sporty,fun,light"
BMW,750i,2016,2022,sedan,rwd,8,4.4,445,auto,8,5,130,3,18,32000,4,"luxury,v8,fast"
BMW,M8,2020,2024,coupe,awd,8,4.4,617,dct,8,4,115,3,15,85000,5,"v8,fast,luxury,sporty"
Mercedes-Benz,S63 AMG,2015,2020,sedan,awd,8,5.5,577,auto,7,5,120,3,15,65000,5,"v8,fast,luxury"
Mercedes-Benz,GLC 63 AMG,2018,2022,suv,awd,8,4,469,auto,9,5,190,3,17,45000,5,"v8,fast,suv,sporty"
Mercedes-Benz,CLA 45 AMG,2020,2023,sedan,awd,4,2,382,dct,8,5,130,3,23,42000,5,"turbo,fast,sporty"
Kia,K5 GT,2021,2024,sedan,fwd,4,2.5,290,dct,8,5,140,4,24,26000,4,"sporty,turbo,fast"
Kia,Forte,2019,2024,sedan,fwd,4,2,147,cvt,1,5,140,4,33,15000,3,"commuter,cheap-parts"
Kia,EV6 GT,2022,2025,suv,awd,0,0,576,single,1,5,175,4,90,58000,5,"ev,fast,tech"
Hyundai,Santa Cruz,2022,2025,pickup,awd,4,2.5,281,dct,8,5,210,4,21,28000,3,"small,truck,practical"
Hyundai,Venue,2020,2024,suv,fwd,4,1.6,121,cvt,1,5,195,4,31,16000,2,"small,cheap,practical"
Hyundai,Elantra N,2022,2025,sedan,fwd,4,2,276,manual,6,5,135,4,23,30000,5,"sporty,turbo,fast"
Land Rover,Range Rover,2013,2021,suv,4x4,8,5,518,auto,8,5,290,2,15,35000,4,"luxury,v8,offroad,big"
Land Rover,Evoque,2012,2019,suv,awd,4,2,240,auto,9,5,210,2,26,15000,3,"small,luxury,suv"
Skoda,Enyaq,2021,2025,suv,awd,0,0,261,single,1,5,180,4,90,32000,3,"ev,practical,family"
Peugeot,RCZ,2010,2015,coupe,fwd,4,1.6,197,manual,6,4,120,3,32,10000,4,"stylish,sporty,turbo"
Alfa Romeo,Tonale,2023,2025,suv,awd,4,1.3,272,dct,6,5,200,3,29,32000,4,"sporty,turbo,hybrid"
Mini,Clubman,2016,2024,wagon,fwd,4,2,189,auto,8,5,140,3,28,20000,4,"stylish,sporty,small"
Mazda,CX-3,2016,2021,suv,awd,4,2,148,auto,6,5,190,4,29,14000,3,"small,practical"
Mazda,5,2006,2015,van,fwd,4,2.3,157,auto,5,6,150,3,24,6000,2,"practical,family,small-van"
Nissan,Pathfinder,2017,2024,suv,4x4,6,3.5,284,cvt,1,7,190,3,21,22000,3,"3row,family,offroad"
Nissan,Kicks,2018,2024,suv,fwd,4,1.6,122,cvt,1,5,180,4,33,16000,2,"small,cheap,practical"
Nissan,Murano,2015,2024,suv,awd,6,3.5,260,cvt,1,5,200,3,23,17000,3,"stylish,suv,family"
Nissan,Titan XD,2016,2023,pickup,4x4,8,5.6,400,auto,9,6,230,3,16,35000,3,"truck,v8,tow"
Subaru,Solterra,2023,2025,suv,awd,0,0,215,single,1,5,210,3,86,38000,3,"ev,offroad,family"
Honda,Civic Hatchback Sport,2022,2025,hatch,fwd,4,2,158,cvt,1,5,135,4,33,22000,3,"commuter,practical"
Toyota,Venza,2021,2025,suv,awd,4,2.5,219,cvt,1,5,200,4,40,32000,3,"hybrid,practical,family"
Toyota,Matrix,2009,2013,hatch,fwd,4,1.8,132,auto,4,5,150,4,29,7000,2,"practical,cheap-parts"
Toyota,Tacoma TRD Pro,2022,2025,pickup,4x4,6,3.5,278,auto,8,5,290,4,19,48000,4,"offroad,truck,tough"
GMC,Sierra 1500,2019,2024,pickup,4x4,8,5.3,355,auto,8,6,240,3,17,32000,3,"truck,v8,tow"
GMC,Terrain,2018,2023,suv,awd,4,1.5,170,auto,9,5,200,3,26,18000,3,"small,family,practical"
GMC,Hummer EV,2022,2024,pickup,awd,0,0,830,single,1,5,320,3,47,85000,5,"ev,fast,offroad,big"
Infiniti,QX60,2014,2021,suv,awd,6,3.5,295,cvt,1,7,190,3,22,17000,3,"3row,family,practical"
Infiniti,FX35,2003,2008,suv,rwd,6,3.5,280,auto,5,5,190,3,18,9000,4,"sporty,suv,stylish"
Infiniti,Q60 Red Sport,2017,2022,coupe,rwd,6,3,400,auto,7,4,130,3,22,32000,4,"sporty,turbo,fast"
Mitsubishi,Mirage,2014,2021,hatch,fwd,3,1.2,78,cvt,1,5,150,3,39,6000,1,"cheap-parts,frugal"
Mitsubishi,Eclipse Cross,2018,2024,suv,awd,4,1.5,152,cvt,1,5,195,3,26,17000,3,"small,practical"
Mitsubishi,Galant,1999,2003,sedan,fwd,6,3,195,auto,4,5,140,2,22,4000,2,"commuter,cheap"
Jaguar,XJ,2011,2019,sedan,rwd,8,5,470,auto,8,5,135,3,18,20000,4,"luxury,v8,fast"
Jaguar,E-Pace,2018,2023,suv,awd,4,2,246,auto,9,5,200,3,24,22000,3,"small,luxury,suv"
Jaguar,I-Pace,2019,2023,suv,awd,0,0,394,single,1,5,170,3,76,35000,4,"ev,luxury,fast"
Cadillac,Escalade ESV,2015,2020,suv,4x4,8,6.2,420,auto,10,8,220,3,15,45000,4,"v8,luxury,big,3row"
Cadillac,CT4,2020,2024,sedan,rwd,4,2,237,auto,10,5,135,4,27,24000,3,"sporty,turbo,commuter"
Cadillac,Lyriq,2023,2025,suv,awd,0,0,500,single,1,5,190,3,89,48000,4,"ev,luxury,suv,tech"
Genesis,GV70,2022,2025,suv,awd,4,2.5,300,auto,8,5,200,4,24,38000,4,"luxury,sporty,turbo"
Genesis,GV80,2021,2025,suv,awd,6,3.5,375,auto,8,7,205,4,19,55000,4,"luxury,3row,turbo,fast"
Genesis,G90,2017,2022,sedan,awd,8,5,420,auto,8,5,140,4,18,35000,4,"luxury,v8,quiet"
Genesis,GV60,2023,2025,suv,awd,0,0,429,single,1,5,180,4,95,58000,4,"ev,fast,luxury,tech"
Volvo,C40,2022,2025,suv,awd,0,0,402,single,1,5,170,4,92,45000,4,"ev,sporty,tech"
Polestar,3,2024,2025,suv,awd,0,0,489,single,1,5,190,3,85,68000,4,"ev,fast,luxury,tech"
Chevrolet,Spark,2016,2022,hatch,fwd,4,1.4,98,cvt,1,4,150,3,33,6000,1,"cheap-parts,frugal,small"
Chevrolet,Sonic,2012,2020,sedan,fwd,4,1.8,138,auto,6,5,150,3,30,6000,1,"cheap-parts,commuter"
Chevrolet,Trax,2017,2022,suv,fwd,4,1.4,138,auto,6,5,180,3,28,10000,2,"small,practical,cheap"
Chevrolet,Bolt EUV,2022,2023,suv,fwd,0,0,200,single,1,5,170,3,115,28000,2,"ev,cheap,practical"
Tesla,Model 3 Performance,2018,2023,sedan,awd,0,0,450,single,1,5,135,4,113,38000,4,"ev,fast,tech"
Tesla,Cybertruck,2024,2025,pickup,awd,0,0,600,single,1,5,270,3,60,80000,5,"ev,fast,offroad,tech,big"
Toyota,Previa,1990,1997,van,rwd,4,2.4,138,auto,4,7,170,3,18,9000,2,"mid,practical,family,unique"
Pontiac,Fiero GT,1986,1988,coupe,rwd,6,2.8,140,manual,5,2,120,2,22,9000,4,"mid,budget,sporty"
Fiat,X1/9,1974,1989,convertible,rwd,4,1.5,85,manual,5,2,120,2,28,12000,4,"mid,light,classic,budget"
De Tomaso,Pantera,1971,1992,coupe,rwd,8,5.8,330,manual,5,2,100,2,12,75000,5,"mid,v8,exotic,fast,classic"
Ferrari,F355,1995,1999,coupe,rwd,8,3.5,375,manual,6,2,110,2,15,95000,5,"mid,v8,exotic,fast,icon"
Volkswagen,Karmann Ghia,1970,1974,coupe,rwd,4,1.6,60,manual,4,4,130,3,27,15000,4,"classic,air-cooled,light"
Alpine,A310,1971,1984,coupe,rwd,6,2.7,150,manual,5,2,110,2,20,30000,5,"classic,sporty,french"
Tatra,613,1974,1990,sedan,rwd,8,3.5,165,manual,5,5,140,2,16,15000,2,"classic,v8,unique,rare"
DeLorean,DMC-12,1981,1983,coupe,rwd,6,2.8,130,manual,5,2,110,2,19,50000,5,"classic,icon,stainless"
Skoda,130 Rapid Coupe,1987,1990,coupe,rwd,4,1.3,63,manual,4,4,120,2,34,9000,3,"classic,budget,light"
Ford,F-150 Regular Cab,2015,2020,pickup,rwd,6,3.3,290,auto,10,3,215,3,21,22000,1,"truck,work,cheap,rwd"
Chevrolet,Silverado 1500 WT,2019,2024,pickup,rwd,6,4.3,285,auto,8,3,215,3,20,23000,1,"truck,work,cheap,rwd"
Toyota,Tacoma SR,2016,2023,pickup,rwd,4,2.7,159,manual,6,4,220,5,21,19000,2,"truck,budget,rwd"
Ford,Ranger XL,2019,2023,pickup,rwd,4,2.3,270,auto,10,5,215,3,22,24000,2,"truck,budget,rwd"
Isuzu,D-Max 4x2,2017,2024,pickup,rwd,4,3,187,auto,6,5,215,4,27,22000,3,"truck,diesel,budget,rwd"
Datsun,720,1979,1986,pickup,rwd,4,2,100,manual,5,3,200,3,25,8000,2,"classic,budget,rwd"
Chevrolet,S-10,1994,2004,pickup,rwd,4,2.2,118,manual,5,3,200,3,23,6000,1,"classic,budget,rwd"
Ford,Courier,1972,1982,pickup,rwd,4,1.8,74,manual,4,3,190,2,26,9000,1,"classic,budget,rwd"
Volkswagen,Rabbit Pickup,1979,1983,pickup,fwd,4,1.7,76,manual,4,2,180,3,30,9000,1,"classic,budget,fwd,rare"
Subaru,Brat,1978,1987,pickup,awd,4,1.8,73,manual,4,4,210,2,26,12000,3,"cult,quirky,classic,awd"
Great Wall,Wingle 5,2011,2020,pickup,4x4,4,2,139,manual,5,5,200,2,29,9000,2,"truck,diesel,budget,international"
SsangYong,Musso,2018,2024,pickup,4x4,4,2.2,181,auto,6,5,205,3,26,24000,2,"truck,diesel,practical"
Toyota,HiAce,2019,2024,van,rwd,4,2.8,174,auto,6,5,180,4,24,28000,2,"van,practical,diesel,international"
Ford,F-150 Lightning,2022,2025,pickup,awd,0,0,452,single,1,5,215,3,68,55000,4,"ev,truck,fast,tech"
Chevrolet,Silverado EV,2023,2025,pickup,awd,0,0,754,single,1,5,220,3,52,80000,4,"ev,truck,fast,tow,tech"
Toyota,4Runner TRD Pro,2020,2024,suv,4x4,6,4,270,auto,5,5,270,5,17,48000,4,"offroad,truck,tough"
Ineos,Grenadier,2023,2025,suv,4x4,6,3,282,auto,8,5,264,3,20,75000,4,"offroad,tough,rugged"
Chevrolet,Corvette C8 Convertible,2020,2024,convertible,rwd,8,6.2,495,dct,8,2,110,4,19,75000,5,"v8,fast,exotic,fun"
Ford,Mustang GT Convertible,2018,2023,convertible,rwd,8,5,460,manual,6,4,120,4,18,38000,5,"v8,fast,fun"
Mini,Cooper S Convertible,2016,2024,convertible,fwd,4,2,189,auto,7,4,130,4,29,24000,4,"stylish,sporty,fun"
Volkswagen,Beetle Convertible,2013,2019,convertible,fwd,4,1.8,170,auto,6,4,135,3,29,15000,3,"stylish,fun,retro"
Chrysler,200 Convertible,2011,2014,convertible,fwd,6,3.6,283,auto,6,4,130,2,23,9000,2,"cheap,cruiser"
Fiat,500C,2012,2019,convertible,fwd,4,1.4,101,auto,6,4,140,3,31,9000,3,"small,fun,cheap"
Land Rover,Range Rover Evoque Convertible,2016,2018,convertible,awd,4,2,240,auto,9,4,210,2,25,22000,3,"luxury,rare,offroad-capable"
Audi,A5 Cabriolet,2018,2024,convertible,awd,4,2,261,auto,7,4,130,4,27,32000,4,"luxury,sporty,stylish"
Mercedes-Benz,Sprinter Passenger,2015,2024,van,rwd,6,3,188,auto,7,9,180,3,18,32000,2,"van,big,practical"
Ford,Transit Passenger Wagon,2015,2024,van,rwd,6,3.5,275,auto,10,9,180,3,16,35000,3,"van,big,practical"
Chevrolet,Express Passenger,2010,2024,van,rwd,8,6,341,auto,6,8,180,2,14,26000,1,"van,big,v8,practical"
Nissan,NV200,2013,2021,van,fwd,4,2,131,cvt,1,5,160,3,25,12000,2,"van,small,cargo,practical"
Fiat,Ducato,2014,2024,van,fwd,4,2.3,140,manual,6,5,180,3,28,18000,2,"van,cargo,diesel,practical"
Honda,Odyssey Elite,2018,2024,van,fwd,6,3.5,280,auto,10,6,140,4,22,32000,3,"van,family,captain-chairs"
Kia,Sedona,2015,2020,van,fwd,6,3.3,276,auto,6,6,150,3,22,17000,2,"van,family,captain-chairs"